{"cameraMode":{"drawMode":0,"name":"Shaded","section":"Shading Mode"},"sceneLighting":true,"audioPlay":false,"sceneViewState":{"m_AlwaysRefresh":false,"showFog":true,"showSkybox":true,"showFlares":true,"showImageEffects":true,"showParticleSystems":true,"showVisualEffectGraphs":true,"m_FxEnabled":true},"in2DMode":false,"pivot":{"x":-2.6983134746551515,"y":1.3080010414123536,"z":0.029933691024780275},"rotation":{"x":0.004496847279369831,"y":0.037490516901016238,"z":-0.00016837740258779377,"w":0.9992876052856445},"size":5.435571193695068,"orthographic":true}