{"cameraMode":{"drawMode":0,"name":"Shaded","section":"Shading Mode"},"sceneLighting":true,"audioPlay":false,"sceneViewState":{"m_AlwaysRefresh":false,"showFog":true,"showSkybox":true,"showFlares":true,"showImageEffects":true,"showParticleSystems":true,"showVisualEffectGraphs":true,"m_FxEnabled":true},"in2DMode":false,"pivot":{"x":20.209999084472658,"y":1.2799999713897706,"z":0.550000011920929},"rotation":{"x":0.17754708230495454,"y":-0.27489328384399416,"z":0.051728375256061557,"w":0.9435222744941711},"size":25.1483211517334,"orthographic":false}