{"cameraMode":{"drawMode":0,"name":"Shaded","section":"Shading Mode"},"sceneLighting":true,"audioPlay":false,"sceneViewState":{"m_AlwaysRefresh":false,"showFog":true,"showSkybox":true,"showFlares":true,"showImageEffects":true,"showParticleSystems":true,"showVisualEffectGraphs":true,"m_FxEnabled":true},"in2DMode":false,"pivot":{"x":8.194854736328125,"y":-0.039133310317993167,"z":5.5344109535217289},"rotation":{"x":0.25224295258522036,"y":0.004354469478130341,"z":-0.0011351006105542184,"w":0.9676535725593567},"size":20.158992767333986,"orthographic":true}