{"cameraMode":{"drawMode":0,"name":"Shaded","section":"Shading Mode"},"sceneLighting":true,"audioPlay":false,"sceneViewState":{"m_AlwaysRefresh":false,"showFog":true,"showSkybox":true,"showFlares":true,"showImageEffects":true,"showParticleSystems":true,"showVisualEffectGraphs":true,"m_FxEnabled":true},"in2DMode":false,"pivot":{"x":-2.0866639614105226,"y":1.341141700744629,"z":6.114739418029785},"rotation":{"x":0.22075878083705903,"y":-0.08705837279558182,"z":0.01978830248117447,"w":0.9712339043617249},"size":10.392158508300782,"orthographic":false}